img;name;region;difficulty;time;portions;ingredients;elaboration
https://www.finedininglovers.com/es/sites/g/files/xknfdk1706/files/styles/recipes_1200_800_fallback/public/2021-10/cocido-madrileño-receta©iStock.jpg?itok=m6kR8gA5;Cocido madrileño;Madrid;Media;40;6;Garbanzos:300g, Morcillo:400g,Tocino:200g, Hueso de rodilla de ternera: 2,Hueso de espinazo de cerdo salado: 3, Hueso de caña con tuétano: 3, Chorizo fresco: 2, Fideos: 150g,Gallina: 150g, Patatas: 3, Zanahoria: 2, Morcilla de cebolla: 1;La noche anterior pondremos a remojo unos buenos garbanzos castellanos en la víspera del cocido. Además, le pondremos un puñado de sal gorda para que al día siguiente no se encallen en la cocción. Empezaremos por poner a cocer, partiendo de agua fría, las carnes, la punta de jamón y los huesos indicados. Durante todo el cocido, de principio a fin, retiraremos la espuma que se vaya formando con una espumadera. Asimismo iremos incorporando agua según se vaya evaporando para que nuestro cocido no se quede seco. El fuego del cocido lo tendremos de una forma continua a media potencia. Cuando el agua empiece a hervir, añadimos los garbanzos, previamente escurridos y lavados. Desde que el agua vuelva a hervir, tardarán en estar tiernos entre dos y tres horas, hecho a fuego lento o bien unos 20 minutos en caso de hacerlo en olla rápida. Se recomienda meter los garbanzos en una malla para poder sacarlos con facilidad al finalizar la cocción y así poder servir el cocido en los tres vuelcos tradicionales. En un puchero aparte, ponemos a cocer el repollo, y en otra cacerola, cocemos chorizos y morcillas, para que no llenen de grasa nuestro caldo. Cuando el cocido esté prácticamente hecho, incorporamos las patatas y las zanahorias peladas en el puchero del cocido madrileño
https://www.moncloa.com/wp-content/uploads/2024/01/callos.jpg;Callos a la madrileña;Madrid;Media;60;4;Callos de ternera: 1kg, Chorizo asturiano, Morcilla de cebolla, Panceta: 150g, Laurel, Mezcla especias para callos al gusto al gusto, Dientes de ajo: 2, Guindilla al gusto, Salsa de tomate: 50 ml;Los callos a la madrileña se hacen normalmente utilizando varios tipos de carne de la casquería. Así entre sus ingredientes encontramos callos de ternera, pata y morro. En la casquería podemos pedir un kilo de callos indicando que queremos ese peso repartido entre los tres ingredientes. Limpiamos bien los callos y los cortamos en trozos cuadrados de 2x2 cm aproximadamente, para que después de su cocción puedan ser tamaño bocado. Una vez limpios, los ponemos a cocer con una hoja de laurel y un buen puñado de sal, agregando también la panceta o carne de jamón o lacón y las especias para callos. Dejamos que los callos se hagan durante 4 horas en cacerola tradicional o 45 minutos si usáis olla rápida. Una vez estén cocinados, los escurrimos y reservamos el agua de la cocción que será espesa y cargada de gelatina. Cuando falte una hora para terminar la cocción tradicional, agregamos el chorizo y la morcilla, que habremos semicocido aparte. Al integrarlos ahora, dejando que se terminen de hacer con los demás ingredientes evitaremos que se reviente la morcilla o que la receta nos quedase demasiado cargada de la grasa del chorizo. Preparamos una salsa pochando dos dientes de ajo con la cebolla muy picada y una guindilla para que los callos tengan un puntito picante. Entonces agregamos una cucharada de salsa de tomate, los callos cocidos, los chorizos y morcillas troceados. También vamos incorporando poco a poco, el caldo de la cocción. Terminamos dejando hervir el conjunto durante 20 minutos hasta que adquiera cremosidad y llegue a una textura deseada.
https://content-cocina.lecturas.com/medio/2023/03/22/paso_a_paso_para_realizar_guiso_de_lentejas_con_arroz_y_verduras_resultado_final_957b3be1_1200x1200.jpg;Lentejas;Ávila;Fácil;75;4;Lentejas: 250g, Pimiento verde: 100g, Cebolla: 80g, Puerro: 70g, Zanahoria: 100g, Patata:250g, Salsa de tomate casera: 50g, Aceite de oliva extra: 6 cucharadas, Diente de ajo: 1, Laurel, Sal, Pimentón dulce: 1 cucharadita;Picamos en trozos menudos el ajo, la cebolla, la zanahoria, el pimiento verde y el puerro. Calentamos un poco de aceite de oliva en una cacerola, añadimos las verduras y sofreímos a fuego bajo durante cinco minutos. Sazonamos ligeramente, agregamos la salsa de tomate y cocer tres minutos más. Añadimos las lentejas, la hoja de laurel y las patatas, chascándolas con el cuchillo, y cocemos un par de minutos. Cubrimos con abundante agua fría y cocemos (mejor tapadas) durante 40-50 minutos o hasta que estén tiernas. Si se vieran muy secas, añadimos más agua durante el proceso. Calentamos un chorro de aceite en una sartén, añadimos el pimentón y retiramos inmediatamente del fuego para evitar que se queme. Incorporamos a la cacerola con las lentejas, removemos y cocemos cinco minutos más. Servimos bien calientes.
https://s2.abcstatics.com/media/bienestar/2020/05/22/tortilla-patatas-kSVD--1248x698@abc.jpeg;Tortilla de patatas;Extremadura;Media;45;4;Patatas: 700g, Cebolla: 300g, Huevos: 6;Comenzamos con la tarea más larga, la de caramelizar la cebolla que nos llevará unos 30 minutos. Para ello, pelamos la cebolla y la cortamos en juliana. Después la ponemos en una sartén a fuego muy lento y dejamos que se haga muy despacio, removiendo de vez en cuando. No nos interesa que se dore la cebolla sino que se vaya pochando muy despacio. Mientras la cebolla se hace, pelamos las patatas y las cortamos en rodajas finas, procurando que todas ellas sean de tamaño uniforme. Las dejamos en agua durante 15 minutos y ponemos una sartén con aceite de oliva abundante en el fuego. Sin dar tiempo a que el aceite se caliente, añadimos las patatas y dejamos que se vayan friendo muy despacio, partiendo de un aceite casi en frío. Así conseguimos que las patatas se confiten en lugar de dorarse. De todas formas, cuando lleven unos diez minutos y hayamos removido de vez en cuando, podemos subir el fuego para conseguir que algunas de las patatas queden más tostaditas, originando así contrastes en el plato final.
https://jetextramar.com/wp-content/uploads/2021/06/pulpo-a-la-gallega.jpg;Pulpo a la gallega;Galicia;Media;45;4;Pulpo fresco o ya congelado gallego: 2kg, Patata gallega: 1kg, Pimentón de la Vera dulce o picante, al gusto, Aceite de oliva virgen extra al gusto, Sal gruesa al gusto;"Para esta receta lo ideal sería hacernos con un auténtico pulpo gallego, de carne muy sabrosa y con sabor a las aguas bravas del Atlántico y congelarlo para cocinarlo sin problemas o bien comprarlo ya congelado, pero mirando que sea un pulpo de origen gallego. La mejor época para comprarlo es en el verano. Se puede congelar y así tendremos reservas para el resto del año. Retiraremos el pulpo del congelador la noche anterior y lo dejamos dentro de la nevera para que se vaya descongelando lentamente. Importante hacerlo en un recipiente bien grande, pues va a soltar mucho líquido al descongelar. Seguidamente ponemos agua en una olla grande y alta. No le echaremos sal, pues lo salamos después, una vez cocido. Cuando el agua ya esté bien caliente y casi ya empezando a hervir, cogeremos el pulpo agarrándolo por la cabeza y lo sumergiremos tres veces en el agua para hacer lo que se dice ""asustarlo"". Lo dejamos, ahora sí, dentro del agua de cocción. Cuando el agua comience a hervir de nuevo, es cuando comenzamos a contar el tiempo, unos treinta minutos por cada 1,8 kg a 2 kg de pulpo. Vamos pinchándolo de vez en cuando para ver como está de duro en la parte más gruesa de los tentáculos. Debe ofrecer la resistencia de una patata cocida al pincharlo. Cuando acabemos de cocer el pulpo lo dejamos reposar unos minutos y luego lo sacamos a una bandeja. En la misma agua de cocerlo echamos las patatas o ""cachelos"" y las coceremos durante 15 minutos. Para servir el pulpo, cortaremos los tentáculos en trozos de 1 cm de grosor con unas tijeras de cocina y la cabeza en trozos pequeños. Lo servimos en un plato de madera, este mejor mojado con un poco del agua de cocción, añadimos una base de patatas. Salamos los trozos de pulpo con sal gorda, espolvoreamos con el pimentón que puede ser al gusto dulce o picante, y lo rociamos todo con un poco de aceite. Servimos bien caliente."
https://www.hola.com/horizon/landscape/3de6cb943066-pisto-manchego-tradicional-t.jpg;Pisto;Castilla La Mancha;Fácil;120;4;Dientes de ajo: 2, Cebolla: 250g, Pimiento verde: 200g, Pimiento rojo: 200g, Tomate: 4, Calabacín: 300g, Sal, Pimienta negra molida, Aceite de oliva virgen extra;Calentamos agua en una cacerola amplia y la llevamos a ebullición. Retiramos la parte dura de los tomates y practicamos un corte de cruz en la base. Los introducimos en el agua hirviendo durante unos 15-20 segundos, los sacamos y los introducimos en un cuenco de agua helada. Los pelamos y trituramos. Pelamos los dientes de ajo y la cebolla y los picamos finamente. Lavamos bien el resto de las verduras y las cortamos en pequeños trozos de igual tamaño. Las reservamos separadas unas de otras pues las iremos añadiendo a la cazuela en distintas fases. Calentamos una cantidad generosa de aceite de oliva virgen extra en una cazuela y pochamos el ajo y la cebolla picados durante 15 minutos a fuego suave. Añadimos el pimiento picado y pochamos 15 minutos más. Por último incorporamos el calabacín y el tomate triturado, salpimentamos al gusto, tapamos y dejamos pochar durante un mínimo de una hora y media. Transcurrido este tiempo, retiramos la tapadera de la cazuela, subimos un poco el fuego y cocemos durante 15 minutos más o hasta que el agua del tomate se haya evaporado. Queremos que nos quede jugoso, pero sin restos del agua que sueltan las verduras, con todos los ingredientes bien amalgamados. una vez conseguida esta consistencia, servimos inmediatamente.
https://i.blogs.es/ef04af/paella-alicantina/1366_2000.jpg;Paella;Valencia;Media;85;12;Arroz bomba: 1500g, Pollo de corral: 1, Conejo: 0.5,  Judía verde plana: 500g, Garrofó: 500g, Alcachofa: 6g, Caracoles: 500g, Aceite de oliva virgen extra, Pimentón dulce, Tomate triturado, Azafrán, Romero fresco, Sal;"Toda paella que se precie comienza por un buen sofrito. En una paella cuanto más grande mejor, se sofríe en abundante aceite el pollo, el conejo, las judías, las alcachofas y los caracoles (la que veis en la foto no tiene garrofó porque no es temporada y el congelado no es igual), sazonando con un poco de sal y pimentón hacia el final. Cuando esté bien dorado se añade el tomate triturado y se rehoga. Con el sofrito listo se debe de añadir el agua. Las proporciones dependen mucho del fuego, del calor que haga, del grado de humedad y de lo grande que sea la paella, pero para comenzar, una buena proporción es la de añadir tres veces el volumen de agua que de arroz, aunque es la experiencia la que os hará ajustar y perfeccionar estas cantidades, que acabaréis haciendo a ojo, como hicieron la tía y la madre de mi novia, que eran las encargadas de esta paella (a pesar de que la tradición marca que sea el hombre de la casa el que la prepare). Echamos ahora algunos troncos más al fuego para que suba de potencia y se haga bien el caldo durante 25 o 30 minutos. Es un buen momento de echar el azafrán o, en su defecto, el sazonador de paella (el más popular es ""el paellador), que lleva sal, ajo, colorante y un poco de azafrán. Luego añadimos el arroz ""en caballete"" (en diagonal) y lo distribuimos por la paella. Cocemos entre 17 y 20 minutos, aunque aquí el tiempo lo marca de nuevo el grano de arroz y la potencia del fuego, que debemos ir dejando consumirse. Tiene que quedar completamente seco y suelto. Mi recomendación para los primerizos es que tengáis un cazo con agua hirviendo al lado, por si hay que añadir agua. A mitad cocción también podemos poner unas ramitas de romero, que retiraremos antes de servir. Por último, conviene dejar la paella reposar unos minutos tapada con un gran paño o papel de periódico --no es bueno porque con la humedad se puede liberar algo de tinta, pero toda la vida lo he visto usar-- antes de servirla y recibir el aplauso de los presentes."
https://newluxbrand.com/wp-content/uploads/2022/02/calamares-a-la-romana-Newlux-1024x1024-optimized.jpg;Calamares a la romana;Cantabria;Fácil;25;5;Calamares frescos: 400g, Harina de trigo: 150g, Agua : 200g, Sifón: un chorrito, Sal: una pizca, Huevo: 1 , Bicarbonato sódico: 1/2 cucharada, Aceite de oliva virgen extra, Limón (opcional), Coñac: un chorrito;Limpiamos los calamares, vaciando los cuerpos y retirando la piel. Cortamos en aros no demasiado gruesos y secamos con papel absorbente. Preparamos el rebozado mezclando en un bol la harina, el agua fría, un chorrito de coñac, la sal, el huevo y el bicarbonato. Removemos hasta obtener una pasta semilíquida. Justo antes de introducir en ella los aros de calamar, añadimos el chorro de sifón. Calentamos abundante aceite de oliva virgen extra en una sartén, a 175ºC. Enharinamos el calamar, lo sacudimos para retirar el exceso de harina y sumergimos en el rebozado. Sumergimos en el aceite y freímos, volteando para que se cocinen de manera uniforme, hasta que estén dorados. Retiramos los calamares de la sartén, escurriendo bien, y los pasamos a una fuente con papel absorbente para eliminar el exceso de aceite. Servimos inmediatamente antes de que se enfríen.
https://i.blogs.es/674490/caracoles-andaluza-min/450_1000.jpeg;Caracoles a la andaluza;Andalucía;Media;60;4;Caracoles: 1 kg, cebolla: 1, ajo: 3 dientes, tomate: 2, pimiento verde: 1, laurel: 2 hojas, guindilla: 1, jamón serrano: 100 g, aceite de oliva, sal, pimienta, vino blanco;Para preparar los caracoles a la andaluza, comienza por limpiar bien los caracoles. Después de limpiarlos, hiérvelos en agua con sal durante aproximadamente 10 minutos para asegurarte de que estén bien cocidos. Mientras tanto, en una sartén grande, calienta un buen chorro de aceite de oliva y añade una cebolla picada, cuatro dientes de ajo machacados y un pimiento verde troceado. Sofríe todo a fuego medio hasta que la cebolla esté dorada. A continuación, agrega dos tomates pelados y troceados, una hoja de laurel y una cucharadita de pimentón dulce, y cocina durante unos minutos hasta que el tomate se deshaga. Cuando la mezcla esté bien sofrita, incorpora los caracoles cocidos a la sartén y mezcla todo bien. Cocina a fuego lento durante aproximadamente 30 minutos, removiendo ocasionalmente para que los sabores se integren. Sirve caliente, espolvoreando un poco de sal al gusto.
https://img2.rtve.es/v/5912010?w=1600&preview=1621621774172.jpg;Gazpacho andaluz;Andalucía;Fácil;15;4;Tomates maduros: 1 kg, pimiento verde: 1, pepino: 1, ajo: 1 diente, pan: 100 g, vinagre, sal, aceite de oliva virgen extra;El gazpacho andaluz se inicia pelando un kilogramo de tomates maduros, que luego se cortan en cuartos y se colocan en una batidora. Agrega a la batidora un pimiento verde, un pepino pelado, medio cebolla y un diente de ajo. También incorpora 50 gramos de pan del día anterior, un buen chorro de aceite de oliva, 30 mililitros de vinagre y aproximadamente 250 mililitros de agua. Bate todos los ingredientes a alta velocidad hasta que la mezcla quede suave y homogénea. Una vez que tengas una textura cremosa, prueba y ajusta la sal al gusto. Es ideal refrigerar el gazpacho durante al menos una hora antes de servirlo, para que esté bien fresco. Puedes acompañarlo con trocitos de verduras picadas para darle un toque crujiente.
https://cooperativalucena.es/wp-content/uploads/2022/05/salmorejo-cordobes.jpg;Salmorejo cordobés;Córdoba;Fácil;20;4;Tomates: 1 kg, pan de miga: 200 g, ajo: 1 diente, aceite de oliva virgen extra, huevo duro: 2, jamón serrano: 100 g, sal;Para hacer el salmorejo cordobés, comienza pelando y troceando un kilogramo de tomates maduros y añádelos a una batidora. Incorpora 150 gramos de pan del día anterior, un diente de ajo pelado, 100 mililitros de aceite de oliva virgen extra y un chorrito de vinagre. Tritura todos los ingredientes hasta que obtengas una crema suave y espesa. Si la mezcla queda demasiado espesa, puedes añadir un poco de agua fría. Prueba y ajusta la sal a tu gusto. Una vez listo, refrigéralo durante al menos una hora para que esté bien frío. Al momento de servir, vierte el salmorejo en platos hondos y decora con huevo duro picado y trocitos de jamón ibérico por encima.
https://www.justspices.es/media/recipe/Pimientos_de_padron.webp;Pimientos de padrón;Galicia;Fácil;10;4;Pimientos de Padrón: 300 g, sal gruesa, aceite de oliva;Para preparar los pimientos de Padrón, selecciona unos 250 gramos de estos pequeños pimientos verdes. Calienta una buena cantidad de aceite de oliva en una sartén a fuego medio-alto. Una vez caliente, añade los pimientos y fríelos durante unos minutos, moviéndolos ocasionalmente, hasta que la piel esté arrugada y ligeramente dorada. Cuando estén listos, retíralos del fuego y escúrrelos en un plato con papel absorbente. Antes de servir, espolvorea sal gruesa por encima. Son perfectos como tapa o aperitivo.
https://www.paulinacocina.net/wp-content/uploads/2023/05/flamenquines-cordobeses.jpg;Flamenquines;Córdoba;Media;30;4;Lomo de cerdo: 500 g, jamón serrano: 150 g, huevo: 2, pan rallado, harina, aceite de oliva, sal;Para hacer flamenquines, necesitarás lonchas de jamón serrano y filetes de carne de cerdo. Toma un filete de cerdo, coloca una loncha de jamón encima y enrolla firmemente. Asegúrate de sujetar bien los extremos con un palillo para que no se deshaga durante la cocción. Repite este proceso con el resto de los filetes. Luego, pasa cada flamenquín por harina, huevo batido y pan rallado, asegurándote de que queden bien cubiertos. Calienta abundante aceite en una sartén y fríe los flamenquines a fuego medio-alto hasta que estén dorados y crujientes por fuera. Retíralos y déjalos escurrir en papel absorbente. Se suelen servir calientes, cortados en trozos.
https://www.goya.com/media/7699/spicy-potatoes.jpg?quality=80;Patatas bravas;Madrid;Fácil;30;4;Patatas: 500 g, aceite de oliva, sal, salsa brava: tomate frito: 200 ml, pimentón picante, ajo: 1 diente, guindilla, vinagre;Para preparar las patatas bravas, pela y corta unas cuatro patatas medianas en trozos irregulares. Hierve las patatas en agua con sal durante unos 10 minutos, pero no las cocines demasiado, deben estar un poco firmes. Escúrrelas y déjalas enfriar. En una sartén grande, calienta abundante aceite de oliva y fríe las patatas a fuego medio-alto hasta que estén doradas y crujientes. Mientras tanto, prepara la salsa brava, que se hace sofriendo una cebolla picada y un diente de ajo en una sartén con un poco de aceite. Añade una cucharada de pimentón, una cucharada de harina, una cucharada de tomate triturado, un poco de caldo de pollo y una pizca de sal. Cocina a fuego lento hasta que espese. Sirve las patatas calientes con la salsa brava por encima y, si lo deseas, un poco de mayonesa o alioli.
https://cdn.blogsthermomix.es/media/Posts/attachments/cb56ce5731179a47210aa9ef7d38d1f7.jpg;Gambas al ajillo;Madrid;Fácil;15;4;Gambas: 500 g, ajo: 5 dientes, guindilla: 1, aceite de oliva, sal, perejil;Las gambas al ajillo son muy sencillas de hacer. Comienza pelando aproximadamente 500 gramos de gambas. En una sartén grande, calienta un buen chorro de aceite de oliva a fuego medio y añade cuatro dientes de ajo laminados. Sofríe el ajo hasta que esté dorado, pero ten cuidado de no quemarlo. Cuando el ajo esté dorado, añade las gambas peladas y cocina durante unos minutos, hasta que estén rosadas. Al final, añade un poco de guindilla al gusto y perejil picado para dar sabor. Sirve caliente, acompañado de pan para mojar en el aceite.
https://s1.abcstatics.com/media/gurmesevilla/2009/11/boquerones-vinagre-receta.jpg;Boquerones en vinagre;Andalucía;Media;540;4;Boquerones frescos: 500 g, vinagre blanco: 300 ml, ajo: 3 dientes, perejil, aceite de oliva, sal;Para hacer boquerones en vinagre, comienza limpiando un kilogramo de boquerones y quitando las espinas. Una vez limpios, colócalos en un recipiente con agua y hielo durante 30 minutos para que se mantengan frescos. Después, escúrrelos y ponlos en un recipiente con suficiente vinagre, asegurándote de que queden bien cubiertos. Deja marinar en el frigorífico durante al menos 4 horas. Cuando estén listos, escúrrelos del vinagre y colócalos en un plato. Rocía un buen chorro de aceite de oliva y espolvorea ajo picado y perejil fresco por encima antes de servir.
https://danzadefogones.com/wp-content/uploads/2017/06/Berenjenas-con-miel-de-caC3B1a.jpg;Berenjenas fritas con miel;Andalucía;Fácil;20;4;Berenjenas: 2, miel de caña, harina, aceite de oliva, sal;Para hacer berenjenas fritas con miel, corta dos berenjenas en rodajas finas y déjalas en agua con sal durante unos 30 minutos para quitar el amargor. Luego, escúrrelas y sécalas bien con un paño. En un bol, mezcla harina con un poco de sal y pasa las rodajas de berenjena por la mezcla, asegurándote de que queden bien cubiertas. En una sartén, calienta aceite de oliva y fríe las berenjenas hasta que estén doradas y crujientes. Retíralas y déjalas escurrir sobre papel absorbente. Antes de servir, rocía miel por encima de las berenjenas fritas, creando un contraste delicioso entre el dulce y el salado.
https://www.goikoa.com/wp-content/uploads/2023/05/Chistorra-Goikoa.png;Chistorra a la sidra;Navarra;Fácil;15;4;Chistorra: 400 g, sidra: 200 ml;Para preparar chistorra a la sidra, corta unas chistorras en trozos de aproximadamente 10 cm. En una sartén grande, calienta un poco de aceite de oliva y añade las chistorras. Fríelas a fuego medio, dándoles la vuelta para que se cocinen de manera uniforme. Cuando estén doradas, agrega un vaso de sidra y deja cocinar a fuego lento hasta que la sidra se reduzca y espese, impregnando las chistorras con su sabor. Sirve caliente, ideal para acompañar con pan.
https://lacocinadefrabisa.lavozdegalicia.es/wp-content/uploads/2021/04/13_EMPANADA.jpg;Empanada gallega;Galicia;Media;90;6;Harina: 500 g, levadura: 25 g, agua: 250 ml, aceite: 100 ml, cebolla: 2, pimiento rojo: 1, atún: 300 g, tomate frito: 150 ml;Para hacer una empanada gallega, primero necesitarás hacer la masa. Mezcla en un bol 500 g de harina, 200 ml de aceite de oliva, 100 ml de agua y una pizca de sal, y amasa hasta obtener una masa homogénea. Deja reposar. Para el relleno, sofríe en una sartén una cebolla y un pimiento rojo picados, añadiendo atún (aproximadamente 300 g), tomate triturado (200 g) y salpimentando al gusto. Estira la masa y coloca la mitad en una bandeja de horno, añade el relleno y cubre con la otra mitad de la masa. Haz unos cortes en la parte superior para que salga el vapor. Hornea a 180 °C durante 30-40 minutos hasta que esté dorada.
https://www.aldi.es/content/dam/aldi/spain/inspiracion/inspirate/ideas/como-hacer-pan-tumaca-receta/pan-tumaca-ajo.jpg;Pan tumaca;Cataluña;Fácil;10;4;Pan de barra: 1, tomate maduro: 2, aceite de oliva, ajo: 1 diente, sal;Para hacer pan tumaca, comienza por tostar rebanadas de pan rústico. Mientras se tuestan, pela un par de tomates maduros. Cuando el pan esté dorado, frota la superficie de cada rebanada con el tomate, asegurándote de que quede bien impregnado. A continuación, rocía con un buen chorro de aceite de oliva virgen extra y espolvorea sal al gusto. Puedes servirlo solo o acompañarlo con jamón ibérico, queso o cualquier otro embutido.
https://i.ytimg.com/vi/p0X6FTqh5RQ/maxresdefault.jpg;Chocos fritos;Andalucía;Fácil;20;4;Chocos frescos: 500 g, harina, aceite de oliva, sal, limón;Para los chocos fritos, empieza limpiando bien 500 g de chocos y córtalos en tiras o anillas. En un bol, mezcla harina de trigo con sal y pasa las tiras de choco por esta mezcla, asegurándote de que queden bien cubiertas. Calienta abundante aceite en una sartén a fuego medio-alto y, cuando esté caliente, añade los chocos. Fríelos durante unos minutos hasta que estén dorados y crujientes. Retíralos y escúrrelos en papel absorbente antes de servir.
https://i.blogs.es/3fc4d6/pinchos-morunos/840_560.jpg;Pincho moruno;Andalucía;Fácil;90;4;Carne de cerdo o cordero: 500 g, pimentón: 1 cda, comino: 1 cda, ajo: 2 dientes, aceite de oliva, sal;Para hacer pinchos morunos, comienza marinando 500 g de carne de cerdo o cordero cortada en cubos en una mezcla de aceite de oliva, pimentón, comino, ajo picado y sal durante al menos dos horas, preferiblemente toda la noche. Precalienta la parrilla y ensarta los cubos de carne en brochetas. Asa los pinchos a fuego medio-alto durante unos 10-15 minutos, girándolos ocasionalmente hasta que estén dorados y cocidos por dentro. Sirve calientes, acompañados de pan y salsa.
https://www.aceitesdeolivadeespana.com/wp-content/uploads/2024/03/huevos-rotos-con-jamon.png;Huevos rotos con jamón;Madrid;Fácil;20;4;Huevos: 6, patatas: 500 g, jamón serrano: 150 g, aceite de oliva, sal;Para preparar huevos rotos con jamón, fríe unas patatas cortadas en rodajas gruesas en una sartén con aceite caliente hasta que estén doradas y crujientes. Mientras tanto, en otra sartén, calienta un poco de aceite y fríe los huevos, dejando las yemas un poco líquidas. Cuando las patatas estén listas, colócalas en un plato y pon los huevos fritos por encima. Añade jamón ibérico o serrano en tiras y, antes de servir, rompe las yemas para que se mezclen con las patatas.
https://www.lavanguardia.com/files/og_thumbnail/uploads/2020/01/10/5e997b31db9b1.jpeg;Queso manchego con membrillo;Castilla-La Mancha;Fácil;10;4;Queso manchego: 300 g, dulce de membrillo: 200 g;Para preparar queso manchego con membrillo, simplemente corta un buen trozo de queso manchego en láminas o cubos y acompáñalo con dulce de membrillo, que puedes cortar en rodajas. Esta combinación de sabores salados y dulces es un clásico muy apreciado en España.
https://www.paulinacocina.net/wp-content/uploads/2021/11/fideua-de-mariscos.jpg;Fideuá;Comunidad Valenciana;Media;60;4;Fideos para fideuá: 300 g, sepia: 300 g, gambas: 200 g, caldo de pescado: 1 litro, tomate: 1, ajo: 2 dientes, pimiento: 1, aceite de oliva;Para hacer fideuá, comienza dorando en una paellera un diente de ajo picado y 300 g de fideos finos en un poco de aceite de oliva. Cuando estén dorados, retíralos y reserva. En la misma paellera, sofríe 400 g de mariscos (como gambas, mejillones y calamares) junto a un pimiento rojo y un tomate picado. Añade el fideo nuevamente a la paellera y vierte 1 litro de caldo de pescado caliente, junto con una pizca de pimentón. Cocina a fuego medio durante unos 10-12 minutos, hasta que el líquido se haya absorbido y los fideos estén al dente. Sirve caliente y disfruta de este delicioso plato de marisco.
https://encrypted-tbn0.gstatic.com/images?q=tbn:ANd9GcSUngz4n0M0WMjMzk19ejUyTle5ZE4V_E7IQw&s;Fabada asturiana;Asturias;Media;120;6;Fabes: 500 g, chorizo: 2, morcilla: 1, panceta: 200 g, ajo: 2 dientes, laurel: 1 hoja, sal;Para preparar fabada asturiana, pon en remojo 500 g de fabes (frijoles asturianos) la noche anterior. Al día siguiente, escúrrelas y colócalas en una olla con agua fría junto a 200 g de chorizo, 200 g de morcilla y un trozo de panceta. Lleva a ebullición y cocina a fuego lento durante aproximadamente 1,5 horas, hasta que las fabes estén tiernas. A mitad de cocción, añade una cucharadita de pimentón y sazona al gusto. Sirve caliente, asegurándote de incluir en cada plato un poco de chorizo y morcilla.
https://i0.wp.com/www.cocoandash.com/wp-content/uploads/2023/02/caldo-gallego-IMG_1209.jpg?fit=2457,1638&ssl=1;Caldo gallego;Galicia;Media;120;6;Berza: 200 g, grelos: 200 g, patatas: 4, alubias blancas: 200 g, unto: 50 g, lacón: 200 g;Para hacer caldo gallego, comienza hirviendo 500 g de costilla de cerdo y 200 g de chorizo en una olla con agua. Cuando el agua comience a hervir, añade 250 g de patatas peladas y troceadas, junto con un puñado de grelos o repollo. Cocina a fuego lento hasta que las patatas estén tiernas y el caldo tenga buen sabor. Finalmente, sazona al gusto y sirve caliente, ideal para un día frío.
https://i2.wp.com/dimequeesviernes.com/wp-content/uploads/2013/02/SopaAjo1.jpg;Sopa de ajo;Castilla y León;Fácil;30;4;Ajo: 6 dientes, pan duro: 200 g, pimentón: 1 cda, caldo de pollo: 1 litro, aceite de oliva, huevo: 1;Para preparar sopa de ajo, calienta aceite de oliva en una olla y sofríe cuatro dientes de ajo pelados y laminados hasta que estén dorados. Añade una cucharada de pimentón y mezcla bien. Luego, incorpora un litro de agua o caldo de pollo y lleva a ebullición. Agrega 150 g de pan del día anterior en trozos y cocina durante unos 15 minutos. Puedes añadir un huevo batido al final, removiendo rápidamente para que se cuaje en la sopa. Sirve caliente, espolvoreado con perejil fresco.
https://encrypted-tbn0.gstatic.com/images?q=tbn:ANd9GcR3PLhG2dfC8d4G4ugbClPODEoqxmIB4yV_lw&s;Potaje de vigilia;España;Media;120;6;Garbanzos: 300 g, espinacas: 200 g, bacalao: 200 g, cebolla: 1, ajo: 2 dientes, pimentón: 1 cda, laurel: 1 hoja, aceite de oliva;Para hacer potaje de vigilia, comienza sofriendo una cebolla y un diente de ajo en aceite de oliva en una olla grande. Añade 400 g de espinacas frescas y cocina hasta que se ablanden. Luego, agrega 400 g de garbanzos cocidos y un litro de caldo de verduras. Sazona con sal, pimienta y un poco de comino al gusto. Cocina a fuego lento durante 30 minutos, removiendo de vez en cuando. Sirve caliente, ideal para una comida reconfortante.
https://www.justspices.es/media/recipe/caldereta-cordero.jpg;Caldereta de cordero;Extremadura;Media;90;6;Cordero: 1 kg, ajo: 4 dientes, cebolla: 2, laurel: 2 hojas, vino blanco: 200 ml, pimiento rojo: 1, aceite de oliva, sal;Para preparar una caldereta de cordero, corta un kilogramo de carne de cordero en trozos y sofríe en una olla grande con aceite de oliva hasta que esté dorada. Agrega una cebolla y un pimiento rojo picados, y cocina hasta que estén tiernos. Añade dos tomates pelados y troceados, junto con un litro de caldo de carne, una hoja de laurel, sal y pimienta. Cocina a fuego lento durante aproximadamente 1,5 horas, hasta que la carne esté tierna. Puedes servirlo con arroz o pan.
https://t1.uc.ltmcdn.com/es/posts/4/1/6/como_hacer_ajoblanco_7614_orig.jpg;Ajo blanco;Andalucía;Fácil;14;4;Almendras crudas: 150 g, ajo: 2 dientes, pan duro: 100 g, vinagre: 2 cdas, aceite de oliva: 100 ml, agua fría: 1 litro, uvas para acompañar;Para hacer ajo blanco, pela y tritura 100 g de almendras crudas con tres dientes de ajo en un mortero. Añade 200 ml de agua fría y 50 ml de aceite de oliva, y mezcla bien hasta obtener una crema suave. Agrega sal y un poco de vinagre al gusto. Sirve en cuencos, decorando con uvas peladas o trozos de melón. Esta sopa fría es perfecta para los días calurosos.
https://assets.tmecosys.com/image/upload/t_web767x639/img/recipe/ras/Assets/61D7C912-7515-47B8-B0C9-511833B5FF3C/Derivates/510dd895-98a8-442e-92ce-5b2dea222c9f.jpg;Porrusalda;País Vasco;Fácil;45;4;Puerros: 4, patatas: 3, zanahorias: 2, bacalao (opcional): 200 g, caldo de verduras: 1 litro, aceite de oliva, sal;Para preparar porrusalda, empieza limpiando y cortando en rodajas dos puerro, y sofríelos en una olla con aceite de oliva. Añade dos patatas peladas y troceadas, y suficiente agua para cubrirlas. Cocina a fuego lento hasta que las patatas estén tiernas. Tritura la sopa y sirve caliente, ideal como primer plato.
https://danzadefogones.com/wp-content/uploads/2015/01/Garbanzos-con-espinacas-danzadefogones.com-5-500x500.jpg;Garbanzos con espinacas;Andalucía;Fácil;60;4;Garbanzos cocidos: 400 g, espinacas: 300 g, ajo: 3 dientes, pimentón: 1 cda, aceite de oliva, comino, sal;Para hacer garbanzos con espinacas, comienza cocinando 400 g de garbanzos (que habrás dejado en remojo la noche anterior) en agua con sal. Mientras tanto, en una sartén, sofríe un diente de ajo y una cebolla picados en aceite de oliva. Agrega 250 g de espinacas frescas y cocina hasta que se ablanden. Una vez cocidos los garbanzos, escúrrelos y añádelos a la sartén junto con las espinacas, mezcla bien y sazona al gusto. Sirve caliente.
https://img.bekiacocina.com/cocina/0000/286-h.jpg;Cordero asado;Castilla y León;Media;120;6;Pierna o paletilla de cordero: 1, ajo: 4 dientes, aceite de oliva, vino blanco: 200 ml, agua, sal, laurel;Para hacer cordero asado, adereza un cordero (aproximadamente 2 kg) con sal, pimienta y hierbas como romero y tomillo. Colócalo en una bandeja de horno y rocíalo con aceite de oliva. Hornea a 180 °C durante unas 2 horas, rociando con su propio jugo de vez en cuando, hasta que esté dorado y tierno. Sirve caliente, acompañado de patatas asadas o ensalada.
https://encrypted-tbn0.gstatic.com/images?q=tbn:ANd9GcRHLwe5PfzxzLl3I-G6ePcRJAk7dnXCGFArBQ&s;Chuletón a la brasa;País Vasco;Media;25;2;Chuletón de vaca: 1 kg, sal gruesa, pimienta;Para preparar chuletón a la brasa, asegúrate de tener un chuletón de buena calidad, de unos 800 g. Sazona generosamente con sal y pimienta. Precalienta la parrilla a alta temperatura. Cuando esté caliente, coloca el chuletón y cocina durante 4-5 minutos por cada lado, dependiendo del punto de cocción que desees. Retira del fuego y deja reposar durante unos minutos antes de servir. Es ideal acompañarlo con pimientos asados o una ensalada.
https://blog.dia.es/wp-content/uploads/2021/03/RECETA-CONEJO-AL-AJILLO-1-500x500.jpg;Conejo al ajillo;Castilla-La Mancha;Media;60;4;Conejo: 1, ajo: 6 dientes, vino blanco: 200 ml, laurel: 2 hojas, aceite de oliva, sal, pimienta;Para hacer conejo al ajillo, corta un conejo en trozos y sazona con sal y pimienta. En una sartén grande, calienta aceite de oliva y añade varios dientes de ajo pelados y enteros. Cuando el ajo esté dorado, agrega los trozos de conejo y sofríe hasta que estén dorados por todos lados. Luego, añade un vaso de vino blanco y cocina a fuego lento durante unos 30 minutos, hasta que la carne esté tierna. Puedes servir con arroz o ensalada.
https://www.paulinacocina.net/wp-content/uploads/2023/05/pollo-al-chilindron-receta.jpg;Pollo al chilindrón;Aragón;Media;60;4;Pollo: 1 kg, pimiento rojo: 2, cebolla: 1, ajo: 3 dientes, tomate: 4, vino blanco: 200 ml, aceite de oliva, sal, pimienta;Para preparar pollo al chilindrón, corta un pollo en trozos y sazona con sal y pimienta. En una sartén grande, calienta aceite de oliva y sofríe los trozos de pollo hasta dorarlos. Retíralos y en la misma sartén, añade una cebolla picada, un pimiento rojo y un diente de ajo picado. Sofríe hasta que estén tiernos. Agrega un tomate pelado y troceado, el pollo y un vaso de vino tinto. Cocina a fuego lento durante 45 minutos, hasta que el pollo esté tierno. Sirve caliente.
https://mercadolagaleria.com/wp-content/uploads/2018/04/Receta-de-rabo-de-toro-un-guiso-tradicional-2-1048x700-1.jpeg;Rabo de toro;Andalucía;Media;120;4;Rabo de toro: 1 kg, cebolla: 2, ajo: 4 dientes, zanahoria: 2, vino tinto: 500 ml, laurel: 2 hojas, harina: 1 cda, aceite de oliva, sal, pimienta;Para hacer rabo de toro, corta un rabo de toro en trozos y sofríe en una olla grande con aceite de oliva hasta dorar. Retira y en la misma olla, sofríe una cebolla, un pimiento y dos zanahorias picadas. Agrega dos tomates pelados, una hoja de laurel, sal y pimienta. Incorpora el rabo dorado y cubre con caldo de carne. Cocina a fuego lento durante 2-3 horas hasta que la carne esté tierna. Desmenuza la carne y sírvela con la salsa.
https://canalcocina.es/medias/_cache/zoom-373786d7904986d0688929179ff6fa32-920-518.jpg;Lechazo asado;Castilla y León;Media;120;4;Lechazo (cordero lechal): 1, ajo: 3 dientes, agua, sal, laurel;Para preparar lechazo asado, adereza un lechazo (cordero joven) con sal y ajo. Colócalo en una bandeja de horno con un chorro de aceite y un poco de agua. Hornea a 180 °C durante 2 horas, rociando con sus propios jugos. Debería quedar dorado y tierno. Sirve caliente con patatas asadas.
https://cochinillosegoviano.com/wp-content/uploads/2021/08/receta-cochinillo-de-segovia-tradicional-paso-a-paso.jpeg;Cochinillo asado;Castilla y León;Media;120;6;Cochinillo: 1, ajo: 4 dientes, laurel, agua, sal;Para hacer cochinillo asado, sazona un cochinillo (aproximadamente 2 kg) con sal y ajo. Colócalo en una bandeja con un poco de agua y hornea a 160 °C durante 3 horas, rociando cada media hora con sus jugos. Debe quedar crujiente por fuera y tierno por dentro. Se suele servir con ensalada o puré de manzana.
https://i.ytimg.com/vi/I-ELVwby0pw/maxresdefault.jpg;Solomillo de cerdo al whisky;Andalucía;Fácil;30;4;Solomillo de cerdo: 2, ajo: 4 dientes, whisky: 100 ml, caldo de carne: 200 ml, aceite de oliva, sal, pimienta;Para preparar solomillo de cerdo al whisky, corta un solomillo (aproximadamente 1 kg) en medallones y sálalos al gusto. En una sartén grande, calienta aceite de oliva y sofríe los medallones hasta dorar por ambos lados. Retira y en la misma sartén, añade un vaso de whisky, un diente de ajo picado y una cucharada de salsa de soja. Cocina a fuego lento para que el alcohol evapore y la salsa espese. Vuelve a agregar los medallones y cocina durante unos minutos más. Sirve caliente, ideal con puré de patatas.
https://imag.bonviveur.com/como-hacer-albondigas-en-salsa-de-tomate.jpg;Albóndigas en salsa;España;Media;60;4;Carne picada (mitad cerdo, mitad ternera): 500 g, huevo: 1, ajo: 2 dientes, pan rallado: 2 cdas, harina, vino blanco: 200 ml, cebolla: 1, tomate: 2, caldo de carne: 300 ml, aceite de oliva, sal, pimienta;Para hacer albóndigas en salsa, mezcla carne picada (500 g de cerdo y 500 g de ternera) con un huevo, pan rallado, ajo picado y perejil. Forma bolitas y fríelas en una sartén. Reserva. En la misma sartén, sofríe cebolla y ajo picados, añade tomate triturado y una cucharadita de pimentón. Incorpora las albóndigas y un poco de caldo, y cocina a fuego lento durante 30 minutos. Sirve caliente, acompañado de arroz o pan.
https://okdiario.com/img/2019/01/16/presa-iberica-setas.jpg;Presa ibérica con salsa de setas;Andalucía;Media;45;4;Presa ibérica: 600 g, setas: 300 g, ajo: 2 dientes, nata líquida: 200 ml, aceite de oliva, sal, pimienta;Para preparar presa ibérica, corta la presa en medallones y sálalos. Cocina en una sartén caliente hasta dorar por ambos lados. Reserva. En la misma sartén, añade cebolla y ajo picados, y 200 g de setas. Sofríe hasta que estén doradas, añade nata y sazona al gusto. Vuelve a incorporar la carne a la salsa y cocina un par de minutos. Sirve caliente, ideal con puré de patatas.
https://patijinich.com/es/wp-content/uploads/sites/3/2023/10/1204-Pibil-Picadillo-scaled.jpg;Picadillo de cerdo;Asturias;Fácil;30;4;Carne de cerdo picada: 500 g, pimiento rojo: 1, pimentón: 1 cda, aceite de oliva, sal, pimienta;Para hacer picadillo de cerdo, cocina carne de cerdo picada (500 g) en una sartén con aceite hasta dorar. Añade una cebolla picada, un pimiento rojo y dos tomates pelados. Cocina a fuego lento hasta que se ablanden. Agrega una cucharadita de comino y sal al gusto. Sirve caliente, ideal como relleno para tacos o empanadas.
https://www.paulinacocina.net/wp-content/uploads/2023/04/bacalao-al-pil-pil-receta.jpg;Bacalao al pil-pil;País Vasco;Media;40;4;Bacalao desalado: 600 g, ajo: 4 dientes, aceite de oliva, guindilla: 1;Para preparar bacalao al pil-pil, comienza con 400 g de bacalao desalado. En una sartén, calienta aceite de oliva y añade varios dientes de ajo. Cuando estén dorados, retíralos y añade el bacalao con la piel hacia abajo. Cocina a fuego bajo, moviendo la sartén para emulsionar el aceite con el gel que suelta el bacalao. Cocina hasta que la salsa espese y el bacalao esté cocido. Sirve caliente, ideal con pan.
https://content-cocina.lecturas.com/medio/2018/07/19/merluza-a-la-gallega-con-patatas_3c35d5e6_800x800.jpg;Merluza a la gallega;Galicia;Media;40;4;Merluza: 1 kg, patatas: 4, cebolla: 1, pimentón: 1 cda, ajo: 4 dientes, aceite de oliva, laurel: 2 hojas;Para hacer merluza a la gallega, hierve un litro de agua con sal y añade 600 g de merluza. Cocina durante 10 minutos y retira la merluza, reservando el caldo. En una sartén, calienta aceite y sofríe ajo picado, luego añade pimentón y mezcla con el caldo reservado. Sirve la merluza con la salsa por encima, decorando con perejil picado.
https://s2.abcstatics.com/media/gurmesevilla/2014/06/dorada-a-la-sal-roja.jpg;Dorada a la sal;España;Fácil;40;2;Dorada: 1, sal gruesa: 1 kg.;Para preparar dorada a la sal, precalienta el horno a 200 °C. Limpia una dorada (aproximadamente 1 kg) y colócala en una bandeja de horno. Cubre completamente la dorada con sal gruesa, formando una costra. Hornea durante 25-30 minutos. Cuando esté lista, retira la sal y sirve con un chorrito de aceite de oliva y limón.
https://www.hola.com/horizon/landscape/83d763a68ae6-adobestock728053510.jpg?im=Resize=(640),type=downsize;Lubina al horno;España;Fácil;30;2;Lubina: 1, limón: 1, ajo: 2 dientes, aceite de oliva, sal, perejil.;Para hacer lubina al horno, limpia una lubina (aproximadamente 1 kg) y colócala en una bandeja. Rellena el interior con rodajas de limón y ramitas de tomillo. Rocía con aceite de oliva y sazona. Hornea a 180 °C durante 30-40 minutos. Sirve caliente, acompañada de verduras asadas.
https://badun.nestle.es/imgserver/v1/80/1290x742/bacalao-a-la-vizcaina-con-tomate_lowres.jpg;Bacalada a la vizcaína;País Vasco;Media;90;4;Bacalao desalado: 800 g, cebolla: 2, ajo: 4 dientes, pimientos choriceros: 6, tomate: 2, aceite de oliva, sal, pimienta;Para preparar bacalao a la vizcaína, empieza sofriendo cebolla, pimiento rojo y ajo picados en aceite de oliva. Añade tomate triturado y cocina hasta que reduzca. Incorpora 400 g de bacalao desalado, cubriendo con el sofrito. Cocina a fuego lento durante unos 20 minutos. Sirve caliente, ideal con arroz
https://entrenosotros.consum.es/public/Image/2022/5/suquet.jpg;Suquet de peix;Cataluña;Media;60;4;Pescado (rape, merluza, etc.): 1 kg, patatas: 4, tomate: 2, ajo: 3 dientes, fumet de pescado: 1 litro, pimentón: 1 cda, aceite de oliva, sal, pimienta;Para hacer suquet de peix, calienta aceite en una cazuela y sofríe cebolla, ajo y pimiento rojo. Añade 500 g de pescado (como rape y merluza) y cocina unos minutos. Agrega un tomate pelado y un litro de caldo de pescado. Cocina a fuego lento durante 30 minutos. Sirve caliente, ideal con pan.
https://blogger.googleusercontent.com/img/b/R29vZ2xl/AVvXsEhvQplp0_nVfduU7R_jf-g-25LuoK4ZawvYUUcUtXh7-1I-Akt-psf6ob7OBTgHDeqvQZ3lnDPvr0jP4RVnNhxVSv_o-O5c-LmCamSN8Hx18TPHJVg30MSJw1TgdiQiEexpL7OyrFc1_g/s16000/calamares+en+su+tinta.jpg;Calamares en su tinta;País Vasco;Media;60;4;Calamares: 1 kg, cebolla: 1, ajo: 2 dientes, tomate: 2, tinta de calamar: 2 sobres, vino blanco: 200 ml, aceite de oliva, sal, pimienta;Para preparar calamares en su tinta, limpia 500 g de calamares y córtalos en anillas. Sofríe cebolla y ajo picados en aceite, añade los calamares y cocina hasta dorar. Incorpora tomate triturado y el contenido de un par de bolsitas de tinta de calamar. Añade un poco de vino blanco y cocina a fuego lento durante 30 minutos. Sirve caliente, ideal con arroz.
https://blog.supermercadosmas.com/wp-content/uploads/2020/06/atun-encebollado-720.png;Atún encebollado;Andalucía;Media;30;4;Atún fresco: 600 g, cebolla: 2, ajo: 4 dientes, vino blanco: 150 ml, laurel: 1 hoja, aceite de oliva, sal, pimienta;Para hacer atún encebollado, corta 600 g de atún en trozos y sazona. En una sartén, sofríe cebolla en rodajas hasta que esté dorada. Agrega el atún y cocina durante unos minutos. Añade un poco de vinagre y cocina hasta que el atún esté hecho a tu gusto. Sirve caliente, ideal con ensalada.
https://newluxbrand.com/wp-content/uploads/2022/11/septiembre-2022_V110_almejasalamarinera_01-1024x1024-optimized.jpg;Almejas a la marinera;Galicia;Media;30;4;Almejas: 1 kg, cebolla: 1, ajo: 2 dientes, vino blanco: 200 ml, tomate: 1, pimentón: 1 cda, aceite de oliva, perejil, sal;Para preparar almejas a la marinera, comienza limpiando 500 g de almejas en agua con sal. En una sartén grande, calienta aceite de oliva y sofríe ajo picado y guindilla. Agrega las almejas y un vaso de vino blanco. Cocina hasta que las almejas se abran. Sirve caliente, ideal con pan.
https://invitadoinvierno.com/wp-content/uploads/2022/06/receta-bonito-tomate-tradicional-vasca-1.jpg;Bonito con tomate;País Vasco;Media;45;4;Bonito fresco: 800 g, tomate triturado: 400 g, cebolla: 1, ajo: 2 dientes, pimiento verde: 1, aceite de oliva, sal, pimienta;Para hacer bonito con tomate, corta 500 g de bonito en trozos y sazona. En una sartén, sofríe cebolla y ajo en aceite, añade el bonito y cocina a fuego medio. Agrega tomate triturado y cocina a fuego lento durante 20 minutos. Sirve caliente, ideal con arroz.
https://www.capgros.com/uploads/s1/11/59/07/9/istock-1209415084.jpeg;Ensaladilla rusa;España;Fácil;45;4;Patatas: 4, zanahorias: 2, guisantes: 100 g, atún en conserva: 200 g, mayonesa: 200 g, huevos: 2, aceitunas verdes: 50 g.;Para preparar ensaladilla rusa, cocina y pela 300 g de patatas y 200 g de zanahorias. Corta en cubos y mezcla con 100 g de guisantes cocidos. Añade 150 g de mayonesa, un poco de sal y mezcla bien. Puedes decorar con huevo duro picado y aceitunas. Refrigera antes de servir.
https://lh6.googleusercontent.com/proxy/I4dAenJOeXCjEDCToFPlbWliaRgj2z3map9Dal3K9bl3Br1-FO4DTC9jVwQ2g29XUKovTZRZSvHb-bS3aQRS0ObkQQVBl2WYCda-Pyyd9OM3OTqahrq2SPVTQaM;Papas arrugadas con mojo;Canarias;Fácil;40;4;Papas pequeñas: 1 kg, sal gorda, agua, mojo verde o rojo;Para hacer pisto, sofríe en aceite de oliva una cebolla, un pimiento rojo y un calabacín picados. Agrega 300 g de tomate triturado y cocina a fuego lento. Añade sal y pimienta al gusto. Sirve caliente, ideal como acompañamiento o con un huevo frito encima.
https://www.goya.com/media/3639/escalivada-grilled-summer-vegetables.jpg?quality=80;Escalivada;Cataluña;Fácil;45;4;Berenjena: 2, pimientos rojos: 2, cebolla: 1, aceite de oliva, sal;La escalivada es un plato tradicional de verduras asadas. Para prepararla, asarás en el horno o a la brasa berenjenas, pimientos rojos y cebollas a 200 °C durante aproximadamente 30-40 minutos, o hasta que estén tiernas y la piel se queme ligeramente. Una vez asadas, déjalas enfriar un poco y pélalas. Corta las verduras en tiras y colócalas en un plato. Aliña con aceite de oliva, sal, y un toque de vinagre. Puedes añadir ajo picado al gusto. Sirve la escalivada templada o a temperatura ambiente, ideal como acompañamiento o como tapa.
https://i.blogs.es/bf4529/pimientos_rellenos/450_1000.jpg;Pimientos rellenos de bacalao;País Vasco;Media;60;4;Pimientos del piquillo: 12, bacalao desalado: 300 g, cebolla: 1, ajo: 2 dientes, leche: 200 ml, harina: 1 cda, aceite de oliva, sal, pimienta;Para preparar pimientos rellenos de bacalao, necesitarás pimientos del piquillo. Comienza cocinando 200 g de bacalao desalado y desmenuzado en una sartén con un poco de aceite de oliva, cebolla picada y ajo. Agrega 100 g de tomate triturado y cocina a fuego lento hasta que se reduzca. Rellena los pimientos del piquillo con esta mezcla, colócalos en una fuente para horno y cubre con un poco más de salsa de tomate. Hornea a 180 °C durante 15-20 minutos. Sirve caliente.
https://www.hogarmania.com/archivos/202303/salpicon-marisco1-1280x720x80xX.jpg;Salpicón de marisco;Galicia;Fácil;30;4;Gambas: 200 g, pulpo: 200 g, mejillones: 200 g, pimiento rojo: 1, pimiento verde: 1, cebolla: 1, vinagre de vino, aceite de oliva, sal;Para hacer salpicón de marisco, necesitarás una mezcla de mariscos cocidos, como pulpo, gambas y mejillones. Corta el pulpo en trozos pequeños y las gambas en mitades. Mezcla en un bol con 1 cebolla roja picada, 1 pimiento verde, y 1 pimiento rojo, todo cortado en cubos. Aliña con aceite de oliva, vinagre, sal, y pimienta al gusto. Deja enfriar en el refrigerador durante al menos 30 minutos antes de servir, ideal como entrante.
https://ametllerorigen.vtexassets.com/arquivos/ids/168145/13876-espinacas-a-la-catalana.jpg?v=637505549775800000;Espinacas a la catalana;Cataluña;Fácil;30;4;Espinacas: 500 g, pasas: 50 g, piñones: 50 g, aceite de oliva, sal.;Para preparar espinacas a la catalana, comienza cociendo 400 g de espinacas frescas en agua con sal durante unos minutos. Escurre y reserva. En una sartén, calienta aceite de oliva y sofríe un par de ajos picados y 50 g de piñones hasta que estén dorados. Añade las espinacas cocidas, mezcla bien y añade un poco de pimentón dulce. Sirve caliente, ideal como guarnición.
https://s1.elespanol.com/2024/09/03/cocinillas/recetas/verduras/883172174_248895559_1024x576.jpg;Zarangollo murciano;Murcia;Fácil;30;4;Calabacín: 2, cebolla: 1, huevo: 2, aceite de oliva, sal.;El zarangollo es un plato típico murciano que se elabora con calabacín y cebolla. Comienza picando 2 calabacines y 1 cebolla. Sofríe la cebolla en una sartén con aceite de oliva hasta que esté transparente, luego añade los calabacines y cocina a fuego medio hasta que estén tiernos. Bate 4 huevos y añádelos a la sartén, removiendo suavemente hasta que cuajen. Sirve caliente, ideal como plato único o tapa.
https://www.justspices.es/media/recipe/resized/510x510/recipe/migas-extremen_as.jpg;Migas extremeñas;Extremadura;Media;60;4;Pan duro: 500 g, ajo: 4 dientes, chorizo: 200 g, pimientos verdes: 2, aceite de oliva, sal;Para preparar migas extremeñas, empieza desmenuzando 300 g de pan del día anterior y humedécelo con un poco de agua. En una sartén grande, calienta aceite de oliva y sofríe 2 dientes de ajo hasta dorar. Añade el pan humedecido y remueve para que se tueste de manera uniforme. Incorpora panceta o chorizo en trozos pequeños y sigue cocinando hasta que todo esté dorado. Sirve caliente, ideal con uvas o melón como acompañamiento.
https://upload.wikimedia.org/wikipedia/commons/thumb/c/c7/CocinaPalentina-Patatas_a_la_importancia_001.JPG/1200px-CocinaPalentina-Patatas_a_la_importancia_001.JPG;Patatas a la importancia;Castilla y León;Media;45;4;Patatas: 4, huevos: 2, harina: 100 g, ajo: 2 dientes, perejil: 1 ramita, caldo de pollo: 500 ml, aceite de oliva, sal;Las patatas a la importancia son un plato clásico. Pela y corta 4 patatas en rodajas gruesas y condimenta con sal. Pásalas por harina y huevo batido, y fríelas en aceite caliente hasta dorarlas. Reserva. En la misma sartén, sofríe cebolla y ajo, añade caldo de pollo y las patatas. Cocina a fuego lento durante unos 20 minutos hasta que las patatas estén tiernas y la salsa espese. Sirve caliente.
https://encrypted-tbn0.gstatic.com/images?q=tbn:ANd9GcSyrUqCWe9EI52vdHMbHBMsSwjguhHT46jySg&s;Pipirrana;Andalucía;Fácil;20;4;Tomates: 4, pimiento verde: 1, cebolla: 1, pepino: 1, aceite de oliva, vinagre, sal;Para hacer pipirrana, corta en cubos 2 tomates, 1 pimiento verde y 1 pimiento rojo. Mezcla en un bol con cebolla picada y un poco de atún en aceite. Aliña con aceite de oliva, vinagre, sal y pimienta al gusto. Deja reposar unos minutos antes de servir, ideal como ensalada refrescante.
https://www.disfrutandosingluten.es/wp-content/uploads/2021/02/Pimientos-rellenos-de-carne.jpg;Pimientos del piquillo rellenos de carne;Navarra;Media;60;4;Pimientos del piquillo: 12, carne picada: 300 g, cebolla: 1, ajo: 2 dientes, tomate frito: 200 ml, harina: 1 cda, leche: 200 ml, aceite de oliva, sal, pimienta.;Para preparar pimientos del piquillo rellenos de carne, comienza sofriendo 300 g de carne picada (puede ser mezcla de cerdo y ternera) con cebolla y ajo picado en una sartén con aceite de oliva. Añade un poco de tomate triturado y cocina a fuego lento hasta que la carne esté hecha. Rellena los pimientos del piquillo con esta mezcla, colócalos en una fuente para horno y cubre con más salsa de tomate. Hornea a 180 °C durante 15 minutos y sirve caliente.
https://www.chovi.com/wp-content/uploads/2024/02/pimientos-asados.jpg;Pimientos asados;España;Fácil;60;4;Pimientos rojos: 4, aceite de oliva, sal.;Para hacer pimientos asados, coloca los pimientos rojos enteros en el horno a 200 °C durante 30-40 minutos, girándolos de vez en cuando hasta que la piel esté carbonizada. Retira del horno, envuélvelos en papel de aluminio y déjalos reposar unos minutos. Luego, pélalos y corta en tiras. Aliña con aceite de oliva, sal y un poco de vinagre. Sirve como tapa o acompañamiento.
https://lh6.googleusercontent.com/proxy/gVF_x3HeNeHfq6u-RFhHMjpihUsSCp85EJBBuroaG7NimYYOls_iQsYt5qqBaiIvEBzlYtUagsI_62oPRDIFzXL9t7BnhkqrY6Eb34b99e1VxRF1GwLNONTgaw;Timbal de verduras;España;Media;45;4;Berenjena: 1, calabacín: 1, pimiento rojo: 1, pimiento verde: 1, cebolla: 1, tomate: 2, aceite de oliva, sal, pimienta.;Para preparar un timbal de verduras, corta en rodajas finas una variedad de verduras como calabacín, berenjena y pimientos. Sofríe las verduras en aceite de oliva hasta que estén tiernas. En un molde, coloca las verduras en capas, alternando colores. Presiona ligeramente y deja enfriar. Desmolda y sirve como entrante o guarnición.
https://www.recetasderechupete.com/wp-content/uploads/2023/12/Goxua-vasco-casero-paso-16-1200x676.png;Goxua;País Vasco;Media;60;4;Bizcocho: 100 g, nata montada: 200 ml, crema pastelera: 200 g, caramelo líquido: 50 ml;El goxua es un postre típico del País Vasco. Para hacerlo, prepara una crema pastelera con 500 ml de leche, 100 g de azúcar y 4 yemas de huevo. En una bandeja, coloca una capa de bizcochos empapados en café, vierte la crema pastelera encima y cubre con nata montada. Refrigera durante varias horas y sirve frío, espolvoreado con canela.
https://invitadoinvierno.com/wp-content/uploads/2015/02/receta-casadielles-asturianas-1.jpg;Casadielles;Asturias;Media;90;4;Harina: 300 g, nueces molidas: 200 g, azúcar: 150 g, anís: 50 ml, aceite de oliva, agua;Las casadielles son dulces asturianos. Para hacer la masa, mezcla 500 g de harina con 100 g de mantequilla y un poco de agua hasta obtener una masa homogénea. Rellena con una mezcla de nueces, azúcar y canela. Forma empanadillas y hornéalas a 180 °C durante 20-25 minutos. Espolvorea con azúcar glas al salir del horno.
https://phantom-telva.unidadeditorial.es/33cbaaabdae5d1986a1bfbbbd746f026/resize/828/f/jpg/assets/multimedia/imagenes/2022/02/21/16454352565128.jpg;Magdalenas caseras;España;Fácil;45;12;Harina: 200 g, azúcar: 150 g, huevos: 3, aceite de girasol: 100 ml, leche: 100 ml, levadura: 10 g, ralladura de limón;Para preparar magdalenas caseras, mezcla 250 g de harina, 200 g de azúcar, 4 huevos, 100 ml de aceite y 100 ml de leche. Bate bien y añade 1 cucharadita de levadura en polvo. Vierte la mezcla en moldes para magdalenas y hornea a 180 °C durante 15-20 minutos. Deja enfriar antes de servir.
https://www.aceitesdeolivadeespana.com/wp-content/uploads/2020/11/galletas-crujientes-almendra-receta.jpg;Galletas de almendra;España;Fácil;30;24;Almendra molida: 250 g, azúcar: 150 g, huevo: 1, ralladura de limón;Para hacer galletas de almendra, mezcla 250 g de harina, 100 g de azúcar, 150 g de almendras molidas y 1 huevo. Forma pequeñas bolitas y colócalas en una bandeja de horno. Hornea a 180 °C durante 15-20 minutos hasta que estén doradas. Deja enfriar antes de servir.
https://invitadoinvierno.com/wp-content/uploads/2016/11/roscos-vino-0.jpg;Roscos de vino;Andalucía;Media;60;20;Harina: 500 g, vino dulce: 150 ml, manteca: 150 g, azúcar glas: 100 g, ajonjolí.;Para preparar roscos de vino, mezcla 250 g de harina, 100 g de azúcar, 100 ml de aceite de oliva y 100 ml de vino dulce. Amasa hasta obtener una masa suave y forma anillos. Hornea a 180 °C durante 15-20 minutos. Espolvorea con azúcar glas al salir del horno.
https://www.recetasdesbieta.com/wp-content/uploads/2021/02/hojaldres-DESTACADA.jpg;Hojaldres rellenos;España;Media;60;12;Hojaldre: 2 láminas, nata montada: 200 ml, crema pastelera: 200 g, azúcar glas;Para hacer hojaldres rellenos, extiende una lámina de masa de hojaldre y corta en rectángulos. Rellena con crema pastelera o mermelada y cierra bien. Hornea a 200 °C durante 15-20 minutos hasta dorar. Espolvorea con azúcar glas al salir del horno.
https://img.bekiacocina.com/cocina/0000/551-h.jpg;Mantecados;Andalucía;Media;60;24;Harina: 500 g, manteca de cerdo: 250 g, azúcar: 200 g, canela: 1 cda.;Para preparar mantecados, mezcla 500 g de harina, 200 g de manteca de cerdo, 100 g de azúcar y canela al gusto. Forma pequeñas bolitas y aplánalas ligeramente. Hornea a 180 °C durante 15-20 minutos. Deja enfriar y espolvorea con azúcar glas.
https://assets.tmecosys.com/image/upload/t_web767x639/img/recipe/ras/Assets/A13E0EAA-DFA7-4264-8B3B-79CCC77F9282/Derivates/B59B434D-7C1D-4EEB-9CE2-B21BD45533D9.jpg;Crema catalana;Cataluña;Media;40;4;Leche: 500 ml, yemas: 4, azúcar: 100 g, maicena: 30 g, piel de limón, canela en rama;Para hacer crema catalana, mezcla 500 ml de leche, 100 g de azúcar, 4 yemas de huevo y una cucharada de maicena en una cacerola. Cocina a fuego lento hasta que espese, luego vierte en cuencos. Deja enfriar y antes de servir, espolvorea azúcar por encima y carameliza con un soplete.
https://encrypted-tbn0.gstatic.com/images?q=tbn:ANd9GcQWRthJLCn3NePUuPNtFaXoS8RYwM7Z12YpYw&s;Tarta de la abuela;Andalucía;Media;60;8;Galletas María: 300 g, Leche: 500 ml, Chocolate negro: 200 g, Mantequilla: 100 g, Azúcar: 100 g, Natillas: 2 sobres;Para preparar tarta de la abuela, haz una base de galletas trituradas y mantequilla derretida. Para el relleno, mezcla 500 ml de leche, 100 g de azúcar, 2 huevos y 100 g de maicena. Vierte sobre la base de galletas y hornea a 180 °C durante 30 minutos. Deja enfriar antes de servir.
https://assets.tmecosys.com/image/upload/t_web767x639/img/recipe/ras/Assets/5a0c5f2c07fac9ee42216fe87f627217/Derivates/b3d747f6f0a0b4ac8ffb7c19d97fe1786e43a5fa.jpg;Pudín de pan;País Vasco;Media;50;6;200 g de pan del día anterior ,500 ml de leche, 150 g de azúcar, 3 huevos, 50 g de mantequilla, 1 cucharadita de extracto de vainilla, Ralladura de un limón (opcional), Canela en polvo (al gusto);Para hacer pudín de pan, mezcla 300 g de pan del día anterior, 500 ml de leche, 100 g de azúcar, 3 huevos y un poco de canela. Mezcla bien y vierte en un molde. Hornea a 180 °C durante 40 minutos hasta que cuaje. Deja enfriar antes de servir.
https://assets.tmecosys.com/image/upload/t_web767x639/img/recipe/ras/Assets/68609874-69F6-407D-99A0-F52E22DEE5D7/Derivates/1244BD75-3813-46B6-B031-CAFAB3B7D859.jpg;Tarta de tres chocolates;España;Difícil;90;10;Chocolate negro: 200 g, Chocolate con leche: 200 g, Chocolate blanco: 200 g, Nata para montar: 600 ml, Azúcar: 150 g, Gelatina: 9 g, Base de galleta: 200 g;Para preparar una tarta de tres chocolates, haz tres capas de mousse: una de chocolate negro, otra de chocolate con leche y otra de chocolate blanco. Para cada capa, derrite el chocolate correspondiente y mézclalo con nata montada y gelatina disuelta. Vierte cada capa en un molde y deja enfriar antes de añadir la siguiente. Sirve bien fría.
https://imag.bonviveur.com/almendras-garrapinadas.jpg;Almendras garrapiñadas;España;Fácil;30;4;Almendras: 200 g, Azúcar: 100 g, Agua: 50 ml, Canela: al gusto;Para hacer almendras garrapiñadas, pon 200 g de almendras en una sartén con 100 g de azúcar y un poco de agua. Cocina a fuego medio, removiendo constantemente, hasta que el azúcar se caramelice y cubra las almendras. Deja enfriar sobre papel encerado.
https://encrypted-tbn0.gstatic.com/images?q=tbn:ANd9GcQsTFd2-hl0g_BzCqQtooRAVuFweL18qV6_7A&s;Costrada;Castilla y León;Difícil;90;8;Masa de hojaldre: 1 lámina, Crema pastelera: 500 ml, Azúcar: 100 g, Almendras: 50 g;Para preparar costrada, haz una masa con harina, mantequilla y agua. Extiende y coloca en un molde. Rellena con crema pastelera y cubre con otra capa de masa. Hornea a 180 °C durante 30-35 minutos. Deja enfriar y espolvorea con azúcar glas.
https://encrypted-tbn0.gstatic.com/images?q=tbn:ANd9GcQNFjI5eNhPmPd1Z_Cg_yL7Tg4jWLDBPliDow&s;Carbayones;Asturias;Media;90;6;Masa de hojaldre: 1 lámina, Almendra molida: 200 g, Azúcar: 100 g, Huevos: 2, Canela: al gusto;Los carbayones son un dulce típico de Asturias. Para hacerlos, prepara una masa de hojaldre y corta en rectángulos. Rellena con una mezcla de almendra molida, azúcar, huevo y canela. Dobla y hornea a 180 °C hasta dorar. Deja enfriar y espolvorea con azúcar glas.
https://www.hola.com/horizon/landscape/fac0ac4423b7-portada-quesada-adobe-t.jpg;Quesada pasiega;Cantabria;Media;60;8;Queso fresco: 500 g, Azúcar: 200 g, Huevos: 3, Harina: 100 g, Leche: 100 ml, Limón: al gusto;Para hacer quesada pasiega, mezcla 500 g de requesón, 200 g de azúcar, 3 huevos, 100 g de mantequilla derretida y 100 g de harina. Vierte en un molde y hornea a 180 °C durante 45 minutos. Deja enfriar antes de servir, ideal para acompañar con mermelada.
https://www.qualivita.it/wp-content/uploads/new/2015/07/FS_Mazapan-de-Toledo.jpg;Mazapán de Toledo;Castilla La Mancha;Fácil;30;8;Almendra molida: 200 g, Azúcar: 200 g, Clara de huevo: 1, Agua: 50 ml;Para preparar mazapán de Toledo, mezcla 250 g de almendras molidas con 250 g de azúcar y un poco de agua hasta obtener una masa. Forma figuritas y hornéalas a baja temperatura hasta que estén doradas. Deja enfriar antes de servir.
https://www.somoslosartesanitos.com/wp-content/uploads/2023/08/polvorones-de-estepa-1200x600.jpg;Polvorones;Andalucía;Fácil;40;12;Harina: 250 g, Manteca de cerdo: 125 g, Azúcar: 75 g, Almendras: 50 g, Canela: al gusto;Para hacer polvorones, mezcla 500 g de harina, 200 g de manteca de cerdo, 100 g de azúcar y canela al gusto. Forma bolitas y aplánalas ligeramente. Hornea a 180 °C durante 15-20 minutos. Deja enfriar y espolvorea con azúcar glas.
https://www.cocinandoconcatman.com/wp-content/uploads/2015/05/bizcocho-de-aceite-de-oliva-y-almendras-horizontal.jpg;Bizcocho de aceita de oliva;Andalucía;Fácil;45;8;Harina: 250 g, Azúcar: 200 g, Aceite de oliva: 100 ml, Huevos: 3, Levadura: 1 sobre, Limón: al gusto;Para preparar bizcocho de aceite de oliva, mezcla 250 g de harina, 200 g de azúcar, 4 huevos, 100 ml de aceite de oliva y 100 ml de leche. Añade 1 cucharadita de levadura. Vierte en un molde y hornea a 180 °C durante 30-35 minutos. Deja enfriar antes de servir.
https://www.arrese.biz/wp-content/uploads/2021/04/solo-un-instante-photography_arrese-pasteles-145.jpg;Pantxineta;País Vasco;Media;70;6;Masa de hojaldre: 1 lámina, Crema pastelera: 400 ml, Almendras: 50 g, Azúcar: 100 g;Para hacer pantxineta, extiende una lámina de masa de hojaldre y corta en un rectángulo. Rellena con crema pastelera y cubre con otra capa de hojaldre. Hornea a 200 °C durante 20-25 minutos hasta dorar. Deja enfriar y espolvorea con azúcar glas.
https://encrypted-tbn0.gstatic.com/images?q=tbn:ANd9GcT4IYHGqWV_Qp8VLgQBR8Z48wcCWgUaP8pBPQ&s;Ensaimada;Islas Baleares;Difícil;120;6;Harina: 500 g, Agua: 200 ml, Azúcar: 100 g, Manteca: 100 g, Levadura: 25 g;Para preparar ensaimada, mezcla 500 g de harina, 100 g de azúcar, 10 g de sal, 25 g de levadura y 300 ml de agua. Amasa hasta obtener una masa suave. Deja reposar durante 2 horas. Forma espirales y hornea a 180 °C durante 30-35 minutos. Espolvorea con azúcar glas al salir del horno.
https://imag.bonviveur.com/frutas-de-aragon-cortadas.jpg;Frutas de Aragón;Aragón;Media;60;8;Frutas confitadas: 500 g, Azúcar: 200 g, Agua: 100 ml;Las frutas de Aragón son un dulce típico. Para hacerlas, cuece frutas (como membrillos y peras) en un almíbar de agua y azúcar. Una vez cocidas, cubre las frutas con chocolate y deja enfriar. Espolvorea con azúcar glas antes de servir.
https://content-cocina.lecturas.com/medio/2023/07/28/sorpresas-con-un-toque-dulce-sobrasada-de-mallorca-con-miel-queso-de-cabra-rulo-y-membrillo-tropical-con-kiwi-huevo-y-langostino_dd55e9a9_1200x630.jpg;Sobrasada con miel;Islas Baleares;Fácil;10;4;Sobrasada: 200 g, Miel: al gusto;Para preparar sobrasada con miel, corta la sobrasada en rodajas o en pequeñas porciones y caliéntala ligeramente en una sartén. Sirve caliente con un chorrito de miel por encima. Ideal como tapa o aperitivo.
https://www.tiaalia.com/wp-content/uploads/2019/03/Tarta-de-queso-La-Viña-1.jpg;Tarta de queso al horno;España;Media;60;8;Queso crema: 500 g, Azúcar: 150 g, Huevos: 3, Nata: 200 ml, Base de galleta: 200 g;Para hacer tarta de queso al horno, mezcla 500 g de queso crema, 200 g de azúcar, 3 huevos y un poco de vainilla. Vierte la mezcla en un molde y hornea a 180 °C durante 40 minutos. Deja enfriar y sirve fría.
https://media.mykaramelli.com/galeria/recetas/piononos-santa-fe_354_1.jpg;Piononos;Granada;Media;60;8;Bizcocho: 200 g, Crema pastelera: 300 ml, Azúcar: 100 g, Canela: al gusto;Para preparar piononos, necesitas hacer un bizcocho fino, enrollarlo y cortarlo en tiras. Rellena con crema pastelera y empapa con jarabe de ron. Enrolla y cubre con azúcar y canela. Hornea brevemente hasta dorar.
https://encrypted-tbn0.gstatic.com/images?q=tbn:ANd9GcRqs9BjwFre6gL1yn_dxt1PR2YUP_svfkjS7w&s;Buñuelos de viento;España;Media;30;12;Harina: 200 g, Agua: 250 ml, Huevos: 4, Azúcar: 100 g, Aceite para freír: al gusto;Para hacer buñuelos de viento, mezcla 250 ml de agua, 100 g de mantequilla, 150 g de harina, y 3 huevos. Calienta en una sartén hasta que la masa se despegue. Forma bolitas y fríelas en aceite caliente hasta dorar. Espolvorea con azúcar.
https://encrypted-tbn0.gstatic.com/images?q=tbn:ANd9GcQV2gI6cxufmtV52Q2JVB-vx0uqwhFdTspq2g&s;Churros con chocolate;España;Fácil;40;4;Harina: 250 g, Agua: 300 ml, Azúcar: al gusto, Chocolate: 200 g;Para preparar churros, mezcla 250 g de harina con 250 ml de agua y una pizca de sal. Forma tiras y fríelas en aceite caliente hasta dorar. Sirve con chocolate caliente para mojar.
https://invitadoinvierno.com/wp-content/uploads/2017/03/receta-natillas-caseras-1.jpg;Natillas;España;Fácil;30;4;Leche: 500 ml, Yemas: 4, Azúcar: 100 g, Maicena: 30 g, Canela: al gusto;Para hacer natillas, mezcla 500 ml de leche, 100 g de azúcar, 4 yemas de huevo y una cucharadita de maicena. Cocina a fuego lento, removiendo, hasta que espese. Deja enfriar y espolvorea con canela al servir.
https://www.thespruceeats.com/thmb/PGELozD-J5Q94_WxmXy3I58e3aw=/1500x0/filters:no_upscale():max_bytes(150000):strip_icc()/spanish-leche-frita-dessert-recipe-3083597-hero-01-91e8fedc48394f64b8a5b276ff794bfa.jpg;Leche frita;España;Media;60;6;Leche: 500 ml, Azúcar: 100 g, Harina: 60 g, Huevo: 2, Canela: al gusto;Para preparar leche frita, mezcla 500 ml de leche, 100 g de azúcar, 50 g de maicena y canela. Cocina a fuego lento hasta que espese. Vierte en un molde, deja enfriar, corta en trozos y fríe. Espolvorea con azúcar y canela.
https://imag.bonviveur.com/torrijas-al-horno-foto-principal.jpg;Torrijas;España;Fácil;30;4;Pan: 4 rebanadas, Leche: 250 ml, Azúcar: 100 g, Huevos: 2, Canela: al gusto;Para hacer torrijas, corta rebanadas de pan y empápalas en leche con azúcar y canela. Pásalas por huevo batido y fríelas en aceite caliente. Espolvorea con azúcar y canela antes de servir.
https://www.annarecetasfaciles.com/files/flan-de-huevo-3aa.jpg;Flan de huevo;España;Fácil;60;6;Leche: 500 ml, Huevos: 4, Azúcar: 100 g, Vainilla: al gusto;Para preparar flan de huevo, mezcla 4 huevos, 400 ml de leche y 100 g de azúcar. Vierte en un molde caramelizado y cocina al baño maría durante 60 minutos. Deja enfriar antes de desmoldar.
https://mahatmarice.com/wp-content/uploads/2019/08/Arroz-Con-Leche-029-1080x675.jpg;Arroz con leche;España;Fácil;40;4;Arroz: 100 g, Leche: 1 l, Azúcar: 100 g, Canela: al gusto;Para hacer arroz con leche, hierve 1 taza de arroz con 4 tazas de leche, 100 g de azúcar y canela. Cocina a fuego lento hasta que el arroz esté tierno y la mezcla espese. Deja enfriar y espolvorea con canela antes de servir.
https://invitadoinvierno.com/wp-content/uploads/2019/09/receta-tarta-santiago-1.jpg;Tarta de Santiago;Galicia;Media;60;8;Almendra molida: 250 g, Azúcar: 200 g, Huevos: 4, Ralladura de limón: al gusto, Canela: al gusto;Para preparar la tarta de Santiago, mezcla 250 g de almendras molidas, 200 g de azúcar, 4 huevos y un poco de limón. Vierte en un molde y hornea a 180 °C durante 30-35 minutos. Deja enfriar y espolvorea con azúcar glas y la cruz de Santiago.